{
  "naive_dense": {
    "ndcg": {
      "NDCG@1": 0.9,
      "NDCG@3": 0.96309,
      "NDCG@5": 0.96309,
      "NDCG@10": 0.96309,
      "NDCG@100": 0.96309
    },
    "map": {
      "MAP@1": 0.9,
      "MAP@3": 0.95,
      "MAP@5": 0.95,
      "MAP@10": 0.95,
      "MAP@100": 0.95
    },
    "recall": {
      "Recall@1": 0.9,
      "Recall@3": 1.0,
      "Recall@5": 1.0,
      "Recall@10": 1.0,
      "Recall@100": 1.0
    },
    "precision": {
      "P@1": 0.9,
      "P@3": 0.33333,
      "P@5": 0.2,
      "P@10": 0.1,
      "P@100": 0.01
    }
  },
  "hybrid_rag": {
    "ndcg": {
      "NDCG@1": 0.8,
      "NDCG@3": 0.8,
      "NDCG@5": 0.8,
      "NDCG@10": 0.86717,
      "NDCG@100": 0.86717
    },
    "map": {
      "MAP@1": 0.8,
      "MAP@3": 0.8,
      "MAP@5": 0.8,
      "MAP@10": 0.82917,
      "MAP@100": 0.82917
    },
    "recall": {
      "Recall@1": 0.8,
      "Recall@3": 0.8,
      "Recall@5": 0.8,
      "Recall@10": 1.0,
      "Recall@100": 1.0
    },
    "precision": {
      "P@1": 0.8,
      "P@3": 0.26667,
      "P@5": 0.16,
      "P@10": 0.1,
      "P@100": 0.01
    }
  },
  "bm25_prf": {
    "ndcg": {
      "NDCG@1": 0.6,
      "NDCG@3": 0.66309,
      "NDCG@5": 0.70178,
      "NDCG@10": 0.70178,
      "NDCG@100": 0.70178
    },
    "map": {
      "MAP@1": 0.6,
      "MAP@3": 0.65,
      "MAP@5": 0.67,
      "MAP@10": 0.67,
      "MAP@100": 0.67
    },
    "recall": {
      "Recall@1": 0.6,
      "Recall@3": 0.7,
      "Recall@5": 0.8,
      "Recall@10": 0.8,
      "Recall@100": 0.8
    },
    "precision": {
      "P@1": 0.6,
      "P@3": 0.23333,
      "P@5": 0.16,
      "P@10": 0.08,
      "P@100": 0.008
    }
  },
  "contextual_hybrid": {
    "ndcg": {
      "NDCG@1": 0.8,
      "NDCG@3": 0.8,
      "NDCG@5": 0.8,
      "NDCG@10": 0.86895,
      "NDCG@100": 0.86895
    },
    "map": {
      "MAP@1": 0.8,
      "MAP@3": 0.8,
      "MAP@5": 0.8,
      "MAP@10": 0.83095,
      "MAP@100": 0.83095
    },
    "recall": {
      "Recall@1": 0.8,
      "Recall@3": 0.8,
      "Recall@5": 0.8,
      "Recall@10": 1.0,
      "Recall@100": 1.0
    },
    "precision": {
      "P@1": 0.8,
      "P@3": 0.26667,
      "P@5": 0.16,
      "P@10": 0.1,
      "P@100": 0.01
    }
  },
  "hyde": {
    "ndcg": {
      "NDCG@1": 1.0,
      "NDCG@3": 1.0,
      "NDCG@5": 1.0,
      "NDCG@10": 1.0,
      "NDCG@100": 1.0
    },
    "map": {
      "MAP@1": 1.0,
      "MAP@3": 1.0,
      "MAP@5": 1.0,
      "MAP@10": 1.0,
      "MAP@100": 1.0
    },
    "recall": {
      "Recall@1": 1.0,
      "Recall@3": 1.0,
      "Recall@5": 1.0,
      "Recall@10": 1.0,
      "Recall@100": 1.0
    },
    "precision": {
      "P@1": 1.0,
      "P@3": 0.33333,
      "P@5": 0.2,
      "P@10": 0.1,
      "P@100": 0.01
    }
  }
}